"code","description","sic_code","section","division","group"
"2735","Other 1st process iron & steel","24100","C","24","241"
"5161","Wholesale of machine tools","46620","G","46","466"
"5162","Wholesale of construction machinery","46630","G","46","466"
"5163","Wholesale textile industry machines","46640","G","46","466"
"5164","Wholesale office machinery & equip","46510","G","46","465"
"5165","Wholesale machines","46500","G","46","465"
"5166","Wholesale agric machines & tractors","46610","G","46","466"
"5170","Other wholesale","46900","G","46","469"
"5511","Hotels & motels","55100","I","55","551"
"5512","Hotels & motels","55100","I","55","551"
"7483","Secretarial & translation","59200","J","59","592"
"7484","Other business activities","59200","J","59","592"
"0111","Grow cereals & other crops","01110","A","01","011"
"0112","Grow vegetables & nursery products","01110","A","01","011"
"0113","Grow fruit, nuts, beverage & spice crops","01210","A","01","012"
"0121","Farming of cattle, dairy farming","01410","A","01","014"
"0122","Farm sheep, goats, horses, etc.","01430","A","01","014"
"0123","Farming of swine","01460","A","01","014"
"0124","Farming of poultry","01470","A","01","014"
"0125","Other farming of animals","01440","A","01","014"
"0130","Crops combined with animals, mixed farms","01500","A","01","015"
"0141","Agricultural service activities","01610","A","01","016"
"0142","Animal husbandry services, not vets","01620","A","01","016"
"0150","Hunting and game rearing inc. services","01700","A","01","017"
"0201","Forestry & logging","01290","A","01","012"
"0202","Forestry & logging related services","02400","A","02","024"
"0501","Fishing","03110","A","03","031"
"0502","Operation of fish hatcheries & farms","03210","A","03","032"
"1010","Mining & agglomeration of hard coal","05100","B","05","051"
"1020","Mining and agglomeration of lignite","05200","B","05","052"
"1030","Extraction and agglomeration of peat","08900","B","08","089"
"1110","Extraction petroleum & natural gas","06100","B","06","061"
"1120","Services to oil and gas extraction","09100","B","09","091"
"1200","Mining of uranium & thorium ores","07000","B","07","070"
"1310","Mining of iron ores","07100","B","07","071"
"1320","Mining non-ferrous metal ores","07200","B","07","072"
"1411","Quarrying of stone for construction","08110","B","08","081"
"1412","Quarry of limestone, gypsum & chalk","08110","B","08","081"
"1413","Quarrying of slate","08110","B","08","081"
"1421","Operation of gravel and sand pits","08120","B","08","081"
"1422","Mining of clays and kaolin","08120","B","08","081"
"1430","Mine chemical & fertiliser minerals","08900","B","08","089"
"1440","Production of salt","08900","B","08","089"
"1450","Other mining and quarrying","08900","B","08","089"
"1511","Production and preserving of meat","10110","C","10","101"
"1512","Production & preserve poultry meat","10110","C","10","101"
"1513","Production meat & poultry products","10130","C","10","101"
"1520","Process & preserve fish & products","10200","C","10","102"
"1531","Processing & preserve potatoes","10310","C","10","103"
"1532","Manufacture of fruit & vegetable juice","10320","C","10","103"
"1533","Process etc. fruit, vegetables","10390","C","10","103"
"1541","Manufacture of crude oils and fats","10410","C","10","104"
"1542","Manufacture of refined oils & fats","10410","C","10","104"
"1543","Manufacture margarine & similar edible fats","10420","C","10","104"
"1551","Operation dairies & cheese making","10510","C","10","105"
"1552","Manufacture of ice cream","10520","C","10","105"
"1561","Manufacture of grain mill products","10610","C","10","106"
"1562","Manufacture of starches & starch products","10620","C","10","106"
"1571","Manufacture of prepared farm animal feeds","10910","C","10","109"
"1572","Manufacture of prepared pet foods","10920","C","10","109"
"1581","Manufacture of bread, fresh pastry & cakes","10710","C","10","107"
"1582","Manufacture biscuits, preserved pastry etc.","10720","C","10","107"
"1583","Manufacture of sugar","10810","C","10","108"
"1584","Manufacture cocoa, chocolate, confectionery","10820","C","10","108"
"1585","Manufacture macaroni & similar farinaceous","10730","C","10","107"
"1586","Processing of tea and coffee","10830","C","10","108"
"1587","Manufacture of condiments & seasonings","10840","C","10","108"
"1588","Manufacture of homogenised & dietetic food","10860","C","10","108"
"1589","Manufacture of other food products","10890","C","10","108"
"1591","Manufacture distilled potable alcoholic drinks","11010","C","11","110"
"1592","Ethyl alcohol fermented materials","11010","C","11","110"
"1593","Manufacture of wines","11020","C","11","110"
"1594","Manufacture of cider & other fruit wines","11030","C","11","110"
"1595","Manufacture other non-distilled fermented drinks","11040","C","11","110"
"1596","Manufacture of beer","11050","C","11","110"
"1597","Manufacture of malt","11060","C","11","110"
"1598","Produce mineral water, soft drinks","11070","C","11","110"
"1600","Manufacture of tobacco products","12000","C","12","120"
"1711","Prepare & spin cotton-type fibres","13100","C","13","131"
"1712","Prepare & spin woollen-type fibres","13100","C","13","131"
"1713","Prepare & spin worsted-type fibres","13100","C","13","131"
"1714","Preparation & spin flax-type fibres","13100","C","13","131"
"1715","Throw & prepare silk, synthetic etc.","13100","C","13","131"
"1716","Manufacture of sewing threads","13100","C","13","131"
"1717","Preparation & spin of other textiles","13100","C","13","131"
"1721","Cotton-type weaving","13200","C","13","132"
"1722","Woollen-type weaving","13200","C","13","132"
"1723","Worsted-type weaving","13200","C","13","132"
"1724","Silk-type weaving","13200","C","13","132"
"1725","Other textile weaving","13200","C","13","132"
"1730","Finishing of textiles","13300","C","13","133"
"1740","Manufacture made-up textiles, not apparel","13900","C","13","139"
"1751","Manufacture of carpet and rugs","13930","C","13","139"
"1752","Manufacture cordage, rope, twine & netting","13940","C","13","139"
"1753","Manufacture nonwovens & goods, not apparel","13950","C","13","139"
"1754","Manufacture of other textiles","13960","C","13","139"
"1760","Manufacture of knitted & crocheted fabrics","13900","C","13","139"
"1771","Manufacture of knitted & crocheted hosiery","14190","C","14","141"
"1772","Manufacture knit & crocheted pullovers, etc.","14390","C","14","143"
"1810","Manufacture of leather clothes","14100","C","14","141"
"1821","Manufacture of workwear","14120","C","14","141"
"1822","Manufacture of other outerwear","14130","C","14","141"
"1823","Manufacture of underwear","14140","C","14","141"
"1824","Manufacture other wearing apparel etc.","14190","C","14","141"
"1830","Dress & dye fur; manufacture fur articles","14200","C","14","142"
"1910","Tanning and dressing of leather","15100","C","15","151"
"1920","Manufacture of luggage & the like, saddlery","15100","C","15","151"
"1930","Manufacture of footwear","15200","C","15","152"
"2010","Sawmill, plane, impregnation wood","16100","C","16","161"
"2020","Manufacture of veneer sheets, plywood, etc.","16200","C","16","162"
"2030","Manufacture builders carpentry & joinery","16200","C","16","162"
"2040","Manufacture of wooden containers","16200","C","16","162"
"2051","Manufacture of other products of wood","16290","C","16","162"
"2052","Manufacture of articles of cork, straw etc.","16290","C","16","162"
"2111","Manufacture of pulp","17110","C","17","171"
"2112","Manufacture of paper & paperboard","17120","C","17","171"
"2121","Manufacture of cartons","17210","C","17","172"
"2122","Manufacture of household & toilet goods","17220","C","17","172"
"2123","Manufacture of paper stationery","17230","C","17","172"
"2124","Manufacture of wallpaper","17240","C","17","172"
"2125","Manufacture of paper & paperboard goods","17290","C","17","172"
"2211","Publishing of books","32990","C","32","329"
"2212","Publishing of newspapers","58130","J","58","581"
"2213","Publish journals & periodicals","58140","J","58","581"
"2214","Publishing of sound recordings","59200","J","59","592"
"2215","Other publishing","58190","J","58","581"
"2221","Printing of newspapers","18110","C","18","181"
"2222","Printing not elsewhere classified","17230","C","17","172"
"2223","Bookbinding and finishing","18140","C","18","181"
"2224","Pre-press activities","18130","C","18","181"
"2225","Ancillary printing operations","18130","C","18","181"
"2231","Reproduction of sound recording","18200","C","18","182"
"2232","Reproduction of video recording","18200","C","18","182"
"2233","Reproduction of computer media","18200","C","18","182"
"2310","Manufacture of coke oven products","19100","C","19","191"
"2320","Manufacture of refined petroleum products","19200","C","19","192"
"2330","Processing of nuclear fuel","20100","C","20","201"
"2411","Manufacture of industrial gases","20110","C","20","201"
"2412","Manufacture of dyes and pigments","20120","C","20","201"
"2413","Manufacture other inorganic basic chemicals","20130","C","20","201"
"2414","Manufacture other organic basic chemicals","19100","C","19","191"
"2415","Manufacture fertilisers, nitrogen compounds","20150","C","20","201"
"2416","Manufacture of plastics in primary forms","20160","C","20","201"
"2417","Manufacture synthetic rubber primary forms","20170","C","20","201"
"2420","Manufacture of pesticides & agro-chemicals","20200","C","20","202"
"2430","Manufacture of paints, print ink & mastics etc.","20300","C","20","203"
"2441","Manufacture of basic pharmaceutical prods","21100","C","21","211"
"2442","Manufacture of pharmaceutical preparations","21200","C","21","212"
"2451","Manufacture soap & detergents, polishes etc.","20410","C","20","204"
"2452","Manufacture perfumes & toilet preparations","20420","C","20","204"
"2461","Manufacture of explosives","20510","C","20","205"
"2462","Manufacture of glues and gelatines","20520","C","20","205"
"2463","Manufacture of essential oils","20530","C","20","205"
"2464","Manufacture photograph chemical material","20590","C","20","205"
"2465","Manufacture of prepared unrecorded media","26800","C","26","268"
"2466","Manufacture of other chemical products","20590","C","20","205"
"2470","Manufacture of man-made fibres","20600","C","20","206"
"2511","Manufacture of rubber tyres & tubes","22110","C","22","221"
"2512","Retread & rebuild rubber tyres","22110","C","22","221"
"2513","Manufacture of other rubber products","22190","C","22","221"
"2521","Manufacture of plastic plates, sheets, etc.","22210","C","22","222"
"2522","Manufacture of plastic pack goods","22220","C","22","222"
"2523","Manufacture of builders ware of plastic","22230","C","22","222"
"2524","Manufacture of other plastic products","22290","C","22","222"
"2611","Manufacture of flat glass","23110","C","23","231"
"2612","Shaping & process of flat glass","23120","C","23","231"
"2613","Manufacture of hollow glass","23130","C","23","231"
"2614","Manufacture of glass fibres","23140","C","23","231"
"2615","Manufacture other glass inc. technical","23190","C","23","231"
"2621","Manufacture of ceramic household etc. goods","23410","C","23","234"
"2622","Manufacture of ceramic sanitary fixtures","23420","C","23","234"
"2623","Manufacture of ceramic insulators etc.","23430","C","23","234"
"2624","Manufacture other technical ceramic goods","23440","C","23","234"
"2625","Manufacture of other ceramic products","23490","C","23","234"
"2626","Manufacture of refractory ceramic products","23200","C","23","232"
"2630","Manufacture of ceramic tiles & flags","23300","C","23","233"
"2640","Manufacture of bricks, etc. in baked clay","23300","C","23","233"
"2651","Manufacture of cement","23510","C","23","235"
"2652","Manufacture of lime","23520","C","23","235"
"2653","Manufacture of plaster","23520","C","23","235"
"2661","Manufacture concrete goods for construction","23610","C","23","236"
"2662","Manufacture plaster goods for construction","23620","C","23","236"
"2663","Manufacture of ready-mixed concrete","23630","C","23","236"
"2664","Manufacture of mortars","23640","C","23","236"
"2665","Manufacture of fibre cement","23650","C","23","236"
"2666","Manufacture other articles of concrete, etc.","23690","C","23","236"
"2670","Cutting, shaping & finish stone","23700","C","23","237"
"2681","Production of abrasive products","23910","C","23","239"
"2682","Manufacture other non-metal mineral","23990","C","23","239"
"2710","Manufacture of basic iron & steel & of Ferro-alloys ","24100","C","24","241"
"2721","Manufacture of cast iron tubes","24510","C","24","245"
"2722","Manufacture of steel tubes","24200","C","24","242"
"2731","Cold drawing","24310","C","24","243"
"2732","Cold rolling of narrow strips","24320","C","24","243"
"2733","Cold forming or folding","24330","C","24","243"
"2734","Wire drawing","24340","C","24","243"
"2741","Precious metals production","24410","C","24","244"
"2742","Aluminium production","24420","C","24","244"
"2743","Lead, zinc and tin production","24430","C","24","244"
"2744","Copper production","24440","C","24","244"
"2745","Other non-ferrous metal production","24450","C","24","244"
"2751","Casting of iron","24510","C","24","245"
"2752","Casting of steel","24520","C","24","245"
"2753","Casting of light metals","24530","C","24","245"
"2754","Casting of other non-ferrous metals","24540","C","24","245"
"2811","Manufacture metal structures & parts","24330","C","24","243"
"2812","Manufacture builders carpentry of metal","25120","C","25","251"
"2821","Manufacture tanks, etc. & metal containers","25290","C","25","252"
"2822","Manufacture central heating rads & boilers","25210","C","25","252"
"2830","Manufacture steam generators, not boilers","25300","C","25","253"
"2840","Forge press stamp & roll form metal","25500","C","25","255"
"2851","Treatment and coat metals","25610","C","25","256"
"2852","General mechanical engineering","25620","C","25","256"
"2861","Manufacture of cutlery","25710","C","25","257"
"2862","Manufacture of tools","25730","C","25","257"
"2863","Manufacture of locks and hinges","25720","C","25","257"
"2871","Manufacture steel drums, similar containers","25910","C","25","259"
"2872","Manufacture of light metal packaging","25920","C","25","259"
"2873","Manufacture of wire products","25930","C","25","259"
"2874","Manufacture fasteners, screw, chains etc.","25930","C","25","259"
"2875","Manufacture other fabricated metal products","25710","C","25","257"
"2911","Manufacture engines, not aircraft, etc.","28110","C","28","281"
"2912","Manufacture of pumps & compressors","28110","C","28","281"
"2913","Manufacture of taps and valves","28120","C","28","281"
"2914","Manufacture bearings, gears, gear etc.","28120","C","28","281"
"2921","Manufacture of furnaces & furnace burners","28210","C","28","282"
"2922","Manufacture of lift & handling equipment","28220","C","28","282"
"2923","Manufacture non-domestic ventilation","28250","C","28","282"
"2924","Manufacture of other general machinery","28290","C","28","282"
"2931","Manufacture of agricultural tractors","28300","C","28","283"
"2932","Manufacture other agric. & forestry machines","28300","C","28","283"
"2940","Manufacture of machine tools","27900","C","27","279"
"2941","Manufacture of portable hand held power tools","28240","C","28","282"
"2942","Manufacture of metalworking tools","28410","C","28","284"
"2943","Manufacture of other machine tools not elsewhere classified","27900","C","27","279"
"2951","Manufacture of machinery for metallurgy","28910","C","28","289"
"2952","Manufacture machines for mining, quarry etc.","28920","C","28","289"
"2953","Manufacture for food, beverage & tobacco","28300","C","28","283"
"2954","Manufacture for textile, apparel & leather","28940","C","28","289"
"2955","Manufacture machinery for paper & board","28950","C","28","289"
"2956","Manufacture other special purpose machine","25730","C","25","257"
"2960","Manufacture of weapons & ammunition","25400","C","25","254"
"2971","Manufacture of electric domestic appliances","27510","C","27","275"
"2972","Manufacture non-electric domestic appliances","27520","C","27","275"
"3001","Manufacture of office machinery","28230","C","28","282"
"3002","Manufacture computers & process equipment","26200","C","26","262"
"3110","Manufacture electric motors, generators etc.","26100","C","26","261"
"3120","Manufacture electricity distribution etc.","26100","C","26","261"
"3130","Manufacture of insulated wire & cable","26100","C","26","261"
"3140","Manufacture of accumulators, batteries etc.","27200","C","27","272"
"3150","Manufacture lighting equipment & lamps","27400","C","27","274"
"3161","Manufacture electric equipment, engines etc.","27400","C","27","274"
"3162","Manufacture other electrical equipment","23440","C","23","234"
"3210","Manufacture of electronic components","26100","C","26","261"
"3220","Manufacture TV transmitters, telephony etc.","26300","C","26","263"
"3230","Manufacture TV & radio, sound or video etc.","26100","C","26","261"
"3310","Manufacture medical, orthopaedic etc. equipment ","26600","C","26","266"
"3320","Manufacture instruments for measuring etc.","26500","C","26","265"
"3330","Manufacture indust process control equipment","26500","C","26","265"
"3340","Manufacture optical, photographic etc. equipment ","26700","C","26","267"
"3350","Manufacture of watches and clocks","26500","C","26","265"
"3410","Manufacture of motor vehicles","28900","C","28","289"
"3420","Manufacture motor vehicle bodies etc.","29200","C","29","292"
"3430","Manufacture motor vehicle & engine parts","28100","C","28","281"
"3511","Building and repairing of ships","30110","C","30","301"
"3512","Build & repair pleasure & sport boats","30120","C","30","301"
"3520","Manufacture of railway locomotives & stock","30200","C","30","302"
"3530","Manufacture of aircraft & spacecraft","28900","C","28","289"
"3541","Manufacture of motorcycles","30910","C","30","309"
"3542","Manufacture of bicycles","30920","C","30","309"
"3543","Manufacture of invalid carriages","30920","C","30","309"
"3550","Manufacture other transport equipment","28200","C","28","282"
"3611","Manufacture of chairs and seats","29320","C","29","293"
"3612","Manufacture other office & shop furniture","28230","C","28","282"
"3613","Manufacture of other kitchen furniture","31020","C","31","310"
"3614","Manufacture of other furniture","31090","C","31","310"
"3615","Manufacture of mattresses","31030","C","31","310"
"3621","Striking of coins and medals","32110","C","32","321"
"3622","Manufacture of jewellery & related","32120","C","32","321"
"3630","Manufacture of musical instruments","32200","C","32","322"
"3640","Manufacture of sports goods","32300","C","32","323"
"3650","Manufacture of games and toys","26400","C","26","264"
"3661","Manufacture of imitation jewellery","32130","C","32","321"
"3662","Manufacture of brooms and brushes","22190","C","22","221"
"3663","Other manufacturing","13990","C","13","139"
"3710","Recycling of metal waste and scrap","38300","E","38","383"
"3720","Recycling non-metal waste & scrap","38300","E","38","383"
"4010","Production","35100","D","35","351"
"4011","Production of electricity","35110","D","35","351"
"4012","Transmission of electricity","35120","D","35","351"
"4013","Distribution & trade in electricity","35130","D","35","351"
"4020","Mfr of gas; mains distribution","35200","D","35","352"
"4021","Manufacture of gas","35210","D","35","352"
"4022","Distribution & trade of gaseous fuels through mains","35220","D","35","352"
"4030","Steam and hot water supply","35300","D","35","353"
"4100","Collection, purify etc. of water","36000","E","36","360"
"4511","Demolition buildings; earth moving","43110","F","43","431"
"4512","Test drilling and boring","43130","F","43","431"
"4521","General construction & civil engineer","41200","F","41","412"
"4522","Erection of roof covering & frames","43910","F","43","439"
"4523","Construction roads, airfields etc.","41200","F","41","412"
"4524","Construction of water projects","42210","F","42","422"
"4525","Other special trades construction","42210","F","42","422"
"4531","Installation electrical wiring etc.","43210","F","43","432"
"4532","Insulation work activities","43290","F","43","432"
"4533","Plumbing","43220","F","43","432"
"4534","Other building installation","43210","F","43","432"
"4541","Plastering","43310","F","43","433"
"4542","Joinery installation","43320","F","43","433"
"4543","Floor and wall covering","43330","F","43","433"
"4544","Painting and glazing","43340","F","43","433"
"4545","Other building completion","43390","F","43","433"
"4550","Rent construction equipment with operator","43900","F","43","439"
"5010","Sale of motor vehicles","45100","G","45","451"
"5020","Maintenance & repair of motors","45200","G","45","452"
"5030","Sale of motor vehicle parts etc.","45300","G","45","453"
"5040","Sale, repair etc. motorcycles & parts","45400","G","45","454"
"5050","Retail sale of automotive fuel","47300","G","47","473"
"5111","Agents agric & textile materials","46110","G","46","461"
"5112","Agents in sale of fuels, ores, etc.","46120","G","46","461"
"5113","Agents in building materials","46130","G","46","461"
"5114","Agents in industrial equipment, etc.","46140","G","46","461"
"5115","Agents in household goods, etc.","46150","G","46","461"
"5116","Agents in textiles, footwear etc.","46160","G","46","461"
"5117","Agents in food, drink & tobacco","46170","G","46","461"
"5118","Agents in particular products","46180","G","46","461"
"5119","Agents in sale of variety of goods","46190","G","46","461"
"5121","Wholesale of grain, animal feeds","46210","G","46","462"
"5122","Wholesale of flowers and plants","46220","G","46","462"
"5123","Wholesale of live animals","46230","G","46","462"
"5124","Wholesale hides, skins and leather","46240","G","46","462"
"5125","Wholesale of unmanufactured tobacco","46210","G","46","462"
"5131","Wholesale of fruit and vegetables","10390","C","10","103"
"5132","Wholesale of meat and meat products","46320","G","46","463"
"5133","Wholesale dairy products","46330","G","46","463"
"5134","Wholesale of alcohol and other drinks","11010","C","11","110"
"5135","Wholesale of tobacco products","46350","G","46","463"
"5136","Wholesale sugar, chocolate etc.","46360","G","46","463"
"5137","Wholesale coffee, tea, cocoa etc.","46370","G","46","463"
"5138","Wholesale other food inc fish, etc.","46310","G","46","463"
"5139","Non-specialised wholesale food, etc.","46390","G","46","463"
"5141","Wholesale of textiles","46410","G","46","464"
"5142","Wholesale of clothing and footwear","46420","G","46","464"
"5143","Wholesale electric household goods","46430","G","46","464"
"5144","Wholesale of china, wallpaper etc.","46440","G","46","464"
"5145","Wholesale of perfume and cosmetics","46450","G","46","464"
"5146","Wholesale of pharmaceutical goods","46460","G","46","464"
"5147","Wholesale of other household goods","46430","G","46","464"
"5151","Wholesale fuels & related products","46710","G","46","467"
"5152","Wholesale of metals and metal ores","46720","G","46","467"
"5153","Wholesale wood, construction etc.","46730","G","46","467"
"5154","Wholesale hardware, plumbing etc.","46740","G","46","467"
"5155","Wholesale of chemical products","46750","G","46","467"
"5156","Wholesale other intermediate goods","46760","G","46","467"
"5157","Wholesale of waste and scrap","46770","G","46","467"
"5181","Wholesale of machine tools","46620","G","46","466"
"5182","Wholesale of mining","46630","G","46","466"
"5183","Wholesale of machinery for the textile industry","46640","G","46","466"
"5184","Wholesale of computers","46510","G","46","465"
"5185","Wholesale of other office machinery & equipment","46650","G","46","466"
"5186","Wholesale of other electronic parts & equipment","46520","G","46","465"
"5187","Wholesale of other machinery for use in industry","46690","G","46","466"
"5188","Wholesale of agricultural machinery & accessories & implements","46610","G","46","466"
"5190","Other wholesale","46900","G","46","469"
"5211","Retail in non-specialised stores holding an alcohol licence","47110","G","47","471"
"5212","Other retail non-specialised stores","47190","G","47","471"
"5221","Retail of fruit and vegetables","47210","G","47","472"
"5222","Retail of meat and meat products","47220","G","47","472"
"5223","Retail of fish, crustaceans etc.","47230","G","47","472"
"5224","Retail bread, cakes, confectionery","47240","G","47","472"
"5225","Retail alcoholic & other beverages","47250","G","47","472"
"5226","Retail sale of tobacco products","47260","G","47","472"
"5227","Other retail food etc. specialised","47210","G","47","472"
"5231","Dispensing chemists","47730","G","47","477"
"5232","Retail medical & orthopaedic goods","47740","G","47","477"
"5233","Retail cosmetic & toilet articles","47750","G","47","477"
"5241","Retail sale of textiles","47510","G","47","475"
"5242","Retail sale of clothing","47710","G","47","477"
"5243","Retail of footwear & leather goods","47720","G","47","477"
"5244","Retail furniture household etc","47530","G","47","475"
"5245","Retail electric household, etc. goods","47430","G","47","474"
"5246","Retail hardware, paints & glass","47520","G","47","475"
"5247","Retail books, newspapers etc.","47610","G","47","476"
"5248","Other retail specialist stores","47410","G","47","474"
"5250","Retail other secondhand goods","47700","G","47","477"
"5261","Retail sale via mail order houses","47910","G","47","479"
"5262","Retail sale via stalls and markets","47810","G","47","478"
"5263","Other non-store retail sale","47790","G","47","477"
"5271","Repair boots, shoes, leather goods","95230","S","95","952"
"5272","Repair electrical household goods","95210","S","95","952"
"5273","Repair of clocks & jewellery","95250","S","95","952"
"5274","Repair not elsewhere classified","13300","C","13","133"
"5510","Hotels & motels with or without restaurant","55100","I","55","551"
"5521","Youth hostels and mountain refuges","55200","I","55","552"
"5522","Camp sites, including caravan sites","55300","I","55","553"
"5523","Other provision of lodgings","55200","I","55","552"
"5530","Restaurants","56100","I","56","561"
"5540","Bars","56300","I","56","563"
"5551","Canteens","56290","I","56","562"
"5552","Catering","56210","I","56","562"
"6010","Transport via railways","49100","H","49","491"
"6021","Other scheduled passenger land transport","49310","H","49","493"
"6022","Taxi operation","49320","H","49","493"
"6023","Other passenger land transport","49390","H","49","493"
"6024","Freight transport by road","49410","H","49","494"
"6030","Transport via pipelines","49500","H","49","495"
"6110","Sea and coastal water transport","50100","H","50","501"
"6120","Inland water transport","50300","H","50","503"
"6210","Scheduled air transport","51100","H","51","511"
"6220","Non-scheduled air transport","51100","H","51","511"
"6230","Space transport","51200","H","51","512"
"6311","Cargo handling","52240","H","52","522"
"6312","Storage & warehousing","52100","H","52","521"
"6321","Other supporting land transport","52210","H","52","522"
"6322","Other supporting water transport","52220","H","52","522"
"6323","Other supporting air transport","52230","H","52","522"
"6330","Travel agencies etc; tourist","79100","N","79","791"
"6340","Other transport agencies","52200","H","52","522"
"6411","National post activities","53100","H","53","531"
"6412","Courier other than national post","53200","H","53","532"
"6420","Telecommunications","60100","J","60","601"
"6511","Central banking","64110","K","64","641"
"6512","Other monetary intermediation","64190","K","64","641"
"6521","Financial leasing","64910","K","64","649"
"6522","Other credit granting","64920","K","64","649"
"6523","Other financial intermediation","64200","K","64","642"
"6601","Life insurance/reinsurance","65110","K","65","651"
"6602","Pension funding","65200","K","65","652"
"6603","Non-life insurance/reinsurance","65120","K","65","651"
"6711","Administration of financial markets","66110","K","66","661"
"6712","Security broking & fund management","66120","K","66","661"
"6713","Auxiliary financial intermed","66120","K","66","661"
"6720","Auxiliary insurance & pension fund","66200","K","66","662"
"7011","Development & sell real estate","41100","F","41","411"
"7012","Buying & sell own real estate","68100","L","68","681"
"7020","Letting of own property","68200","L","68","682"
"7031","Real estate agencies","68310","L","68","683"
"7032","Manage real estate, fee or contract","68320","L","68","683"
"7110","Renting of automobiles","77100","N","77","771"
"7121","Rent other land transport equipment","77120","N","77","771"
"7122","Rent water transport equipment","77340","N","77","773"
"7123","Renting of air transport equipment","77350","N","77","773"
"7131","Rent agricultural machinery & equip","77310","N","77","773"
"7132","Rent civil engineering machinery","77320","N","77","773"
"7133","Rent office machinery inc computers","77330","N","77","773"
"7134","Rent other machinery & equip","77390","N","77","773"
"7140","Rent personal & household goods","77200","N","77","772"
"7210","Hardware consultancy","62000","J","62","620"
"7220","Software consultancy and supply","58200","J","58","582"
"7221","Software publishing","58210","J","58","582"
"7222","Other software consultancy and supply","62010","J","62","620"
"7230","Data processing","62000","J","62","620"
"7240","Data base activities","58100","J","58","581"
"7250","Maintenance office & computing mach","33100","C","33","331"
"7260","Other computer related activities","62000","J","62","620"
"7310","R & d on nat sciences & engineering","72100","M","72","721"
"7320","R & d on soc sciences & humanities","72200","M","72","722"
"7411","Legal activities","69100","M","69","691"
"7412","Accounting, auditing; tax consult","69200","M","69","692"
"7413","Market research, opinion polling","73200","M","73","732"
"7414","Business & management consultancy","02400","A","02","024"
"7415","Holding companies including Head Offices","64200","K","64","642"
"7420","Architectural, technical consult","71100","M","71","711"
"7430","Technical testing and analysis","71200","M","71","712"
"7440","Advertising","73100","M","73","731"
"7450","Labour recruitment","78100","N","78","781"
"7460","Investigation & security","74900","M","74","749"
"7470","Other cleaning activities","81200","N","81","812"
"7481","Portrait photographic activities","74200","M","74","742"
"7482","Packaging activities","82920","N","82","829"
"7485","Secretarial & translation services","74300","M","74","743"
"7486","Call centre activities","82200","N","82","822"
"7487","Other business activities","59200","J","59","592"
"7511","General (overall) public service","84110","O","84","841"
"7512","Regulation health, education, etc.","84120","O","84","841"
"7513","Regulation more efficient business","82990","N","82","829"
"7514","Support services for government","81100","N","81","811"
"7521","Foreign affairs","84210","O","84","842"
"7522","Defence activities","84220","O","84","842"
"7523","Justice and judicial activities","84230","O","84","842"
"7524","Public security, law & order","84240","O","84","842"
"7525","Fire service activities","84250","O","84","842"
"7530","Compulsory social security","84300","O","84","843"
"8010","Primary education","85100","P","85","851"
"8021","General secondary education","85310","P","85","853"
"8022","Technical & vocational secondary","85320","P","85","853"
"8030","Higher education","85400","P","85","854"
"8041","Driving school activities","85530","P","85","855"
"8042","Adult and other education","85320","P","85","853"
"8511","Hospital activities","86100","Q","86","861"
"8512","Medical practice activities","86210","Q","86","862"
"8513","Dental practice activities","86230","Q","86","862"
"8514","Other human health activities","86900","Q","86","869"
"8520","Veterinary activities","75000","M","75","750"
"8531","Social work with accommodation","87200","Q","87","872"
"8532","Social work without accommodation","88100","Q","88","881"
"9000","Refuse disposal","37000","E","37","370"
"9001","Collection and treatment of sewage","37000","E","37","370"
"9002","Collection and treatment of other waste","38110","E","38","381"
"9003","Sanitation remediation and similar activities","38110","E","38","381"
"9111","Business & employers organisations","94110","S","94","941"
"9112","Professional organisations","94120","S","94","941"
"9120","Trade unions","94200","S","94","942"
"9131","Religious organisations","94910","S","94","949"
"9132","Political organisations","94920","S","94","949"
"9133","Other membership organisations","94990","S","94","949"
"9211","Motion picture and video production","59110","J","59","591"
"9212","Motion picture & video distribution","59130","J","59","591"
"9213","Motion picture projection","59140","J","59","591"
"9220","Radio and television activities","59100","J","59","591"
"9231","Artistic & literary creation etc","90010","R","90","900"
"9232","Operation of arts facilities","79900","N","79","799"
"9233","Fair and amusement park activities","93210","R","93","932"
"9234","Other entertainment activities","79900","N","79","799"
"9240","News agency activities","63900","J","63","639"
"9251","Library and archives activities","91010","R","91","910"
"9252","Museum & preservation of history","91020","R","91","910"
"9253","Botanical, zoos & nature reserves","91040","R","91","910"
"9261","Operate sports arenas & stadiums","93110","R","93","931"
"9262","Other sporting activities","79900","N","79","799"
"9271","Gambling and betting activities","92000","R","92","920"
"9272","Other recreational activities nec","01620","A","01","016"
"9301","Wash & dry clean textile & fur","96010","S","96","960"
"9302","Hairdressing & other beauty treatment","96020","S","96","960"
"9303","Funeral and related activities","96030","S","96","960"
"9304","Physical well-being activities","93130","R","93","931"
"9305","Other service activities n.e.c.","85510","P","85","855"
"9500","Private household with employees","97000","T","97","970"
"9600","Undifferentiated goods producing activities of private households for own use","98000","T","98","980"
"9700","Undifferentiated services producing activities of private households for own use","98000","T","98","980"
"9900","Extra-territorial organisations","99000","U","99","990"
"01110","Growing of cereals (except rice), leguminous crops and oil seeds","01110","A","01","011"
"01120","Growing of rice","01120","A","01","011"
"01130","Growing of vegetables and melons, roots and tubers","01130","A","01","011"
"01140","Growing of sugar cane","01140","A","01","011"
"01150","Growing of tobacco","01150","A","01","011"
"01160","Growing of fibre crops","01160","A","01","011"
"01190","Growing of other non-perennial crops","01190","A","01","011"
"01210","Growing of grapes","01210","A","01","012"
"01220","Growing of tropical and subtropical fruits","01220","A","01","012"
"01230","Growing of citrus fruits","01230","A","01","012"
"01240","Growing of pome fruits and stone fruits","01240","A","01","012"
"01250","Growing of other tree and bush fruits and nuts","01250","A","01","012"
"01260","Growing of oleaginous fruits","01260","A","01","012"
"01270","Growing of beverage crops","01270","A","01","012"
"01280","Growing of spices, aromatic, drug and pharmaceutical crops","01280","A","01","012"
"01290","Growing of other perennial crops","01290","A","01","012"
"01300","Plant propagation","01300","A","01","013"
"01410","Raising of dairy cattle","01410","A","01","014"
"01420","Raising of other cattle and buffaloes","01420","A","01","014"
"01430","Raising of horses and other equines","01430","A","01","014"
"01440","Raising of camels and camelids","01440","A","01","014"
"01450","Raising of sheep and  goats","01450","A","01","014"
"01460","Raising of swine/pigs","01460","A","01","014"
"01470","Raising of poultry","01470","A","01","014"
"01490","Raising of other animals","01490","A","01","014"
"01500","Mixed farming","01500","A","01","015"
"01610","Support activities for crop production","01610","A","01","016"
"01621","Farm animal boarding and care","01621","A","01","016"
"01629","Support activities for animal production (other than farm animal boarding and care) not elsewhere classified","01629","A","01","016"
"01630","Post-harvest crop activities","01630","A","01","016"
"01640","Seed processing for propagation","01640","A","01","016"
"01700","Hunting, trapping and related service activities","01700","A","01","017"
"02100","Silviculture and other forestry activities","02100","A","02","021"
"02200","Logging","02200","A","02","022"
"02300","Gathering of wild growing non-wood products","02300","A","02","023"
"02400","Support services to forestry","02400","A","02","024"
"03110","Marine fishing","03110","A","03","031"
"03120","Freshwater fishing","03120","A","03","031"
"03210","Marine aquaculture","03210","A","03","032"
"03220","Freshwater aquaculture","03220","A","03","032"
"05101","Deep coal mines","05101","B","05","051"
"05102","Open cast coal working","05102","B","05","051"
"05200","Mining of lignite","05200","B","05","052"
"06100","Extraction of crude petroleum","06100","B","06","061"
"06200","Extraction of natural gas","06200","B","06","062"
"07100","Mining of iron ores","07100","B","07","071"
"07210","Mining of uranium and thorium ores","07210","B","07","072"
"07290","Mining of other non-ferrous metal ores","07290","B","07","072"
"08110","Quarrying of ornamental and building stone, limestone, gypsum, chalk and slate","08110","B","08","081"
"08120","Operation of gravel and sand pits; mining of clays and kaolin","08120","B","08","081"
"08910","Mining of chemical and fertiliser minerals","08910","B","08","089"
"08920","Extraction of peat","08920","B","08","089"
"08930","Extraction of salt","08930","B","08","089"
"08990","Other mining and quarrying not elsewhere classified","08990","B","08","089"
"09100","Support activities for petroleum and natural gas extraction","09100","B","09","091"
"09900","Support activities for other mining and quarrying","09900","B","09","099"
"10110","Processing and preserving of meat","10110","C","10","101"
"10120","Processing and preserving of poultry meat","10120","C","10","101"
"10130","Production of meat and poultry meat products","10130","C","10","101"
"10200","Processing and preserving of fish, crustaceans and molluscs","10200","C","10","102"
"10310","Processing and preserving of potatoes","10310","C","10","103"
"10320","Manufacture of fruit and vegetable juice","10320","C","10","103"
"10390","Other processing and preserving of fruit and vegetables","10390","C","10","103"
"10410","Manufacture of oils and fats","10410","C","10","104"
"10420","Manufacture of margarine and similar edible fats","10420","C","10","104"
"10511","Liquid milk and cream production","10511","C","10","105"
"10512","Butter and cheese production","10512","C","10","105"
"10519","Manufacture of other milk products","10519","C","10","105"
"10520","Manufacture of ice cream","10520","C","10","105"
"10611","Grain milling","10611","C","10","106"
"10612","Manufacture of breakfast cereals and cereals-based food","10612","C","10","106"
"10620","Manufacture of starches and starch products","10620","C","10","106"
"10710","Manufacture of bread; manufacture of fresh pastry goods and cakes","10710","C","10","107"
"10720","Manufacture of rusks and biscuits; manufacture of preserved pastry goods and cakes","10720","C","10","107"
"10730","Manufacture of macaroni, noodles, couscous and similar farinaceous products","10730","C","10","107"
"10810","Manufacture of sugar","10810","C","10","108"
"10821","Manufacture of cocoa and chocolate confectionery","10821","C","10","108"
"10822","Manufacture of sugar confectionery","10822","C","10","108"
"10831","Tea processing","10831","C","10","108"
"10832","Production of coffee and coffee substitutes","10832","C","10","108"
"10840","Manufacture of condiments and seasonings","10840","C","10","108"
"10850","Manufacture of prepared meals and dishes","10850","C","10","108"
"10860","Manufacture of homogenised food preparations and dietetic food","10860","C","10","108"
"10890","Manufacture of other food products not elsewhere classified","10890","C","10","108"
"10910","Manufacture of prepared feeds for farm animals","10910","C","10","109"
"10920","Manufacture of prepared pet foods","10920","C","10","109"
"11010","Distilling, rectifying and blending of spirits","11010","C","11","110"
"11020","Manufacture of wine from grape","11020","C","11","110"
"11030","Manufacture of cider and other fruit wines","11030","C","11","110"
"11040","Manufacture of other non-distilled fermented beverages","11040","C","11","110"
"11050","Manufacture of beer","11050","C","11","110"
"11060","Manufacture of malt","11060","C","11","110"
"11070","Manufacture of soft drinks; production of mineral waters and other bottled waters","11070","C","11","110"
"12000","Manufacture of tobacco products","12000","C","12","120"
"13100","Preparation and spinning of textile fibres","13100","C","13","131"
"13200","Weaving of textiles","13200","C","13","132"
"13300","Finishing of textiles","13300","C","13","133"
"13910","Manufacture of knitted and crocheted fabrics","13910","C","13","139"
"13921","Manufacture of soft furnishings","13921","C","13","139"
"13922","manufacture of canvas goods, sacks, etc.","13922","C","13","139"
"13923","manufacture of household textiles","13923","C","13","139"
"13931","Manufacture of woven or tufted carpets and rugs","13931","C","13","139"
"13939","Manufacture of other carpets and rugs","13939","C","13","139"
"13940","Manufacture of cordage, rope, twine and netting","13940","C","13","139"
"13950","Manufacture of non-wovens and articles made from non-wovens, except apparel","13950","C","13","139"
"13960","Manufacture of other technical and industrial textiles","13960","C","13","139"
"13990","Manufacture of other textiles not elsewhere classified","13990","C","13","139"
"14110","Manufacture of leather clothes","14110","C","14","141"
"14120","Manufacture of workwear","14120","C","14","141"
"14131","Manufacture of other men's outerwear","14131","C","14","141"
"14132","Manufacture of other women's outerwear","14132","C","14","141"
"14141","Manufacture of men's underwear","14141","C","14","141"
"14142","Manufacture of women's underwear","14142","C","14","141"
"14190","Manufacture of other wearing apparel and accessories not elsewhere classified","14190","C","14","141"
"14200","Manufacture of articles of fur","14200","C","14","142"
"14310","Manufacture of knitted and crocheted hosiery","14310","C","14","143"
"14390","Manufacture of other knitted and crocheted apparel","14390","C","14","143"
"15110","Tanning and dressing of leather; dressing and dyeing of fur","15110","C","15","151"
"15120","Manufacture of luggage, handbags and the like, saddlery and harness","15120","C","15","151"
"15200","Manufacture of footwear","15200","C","15","152"
"16100","Sawmilling and planing of wood","16100","C","16","161"
"16210","Manufacture of veneer sheets and wood-based panels","16210","C","16","162"
"16220","Manufacture of assembled parquet floors","16220","C","16","162"
"16230","Manufacture of other builders' carpentry and joinery","16230","C","16","162"
"16240","Manufacture of wooden containers","16240","C","16","162"
"16290","Manufacture of other products of wood; manufacture of articles of cork, straw and plaiting materials","16290","C","16","162"
"17110","Manufacture of pulp","17110","C","17","171"
"17120","Manufacture of paper and paperboard","17120","C","17","171"
"17211","Manufacture of corrugated paper and paperboard, sacks and bags","17211","C","17","172"
"17219","Manufacture of other paper and paperboard containers","17219","C","17","172"
"17220","Manufacture of household and sanitary goods and of toilet requisites","17220","C","17","172"
"17230","Manufacture of paper stationery","17230","C","17","172"
"17240","Manufacture of wallpaper","17240","C","17","172"
"17290","Manufacture of other articles of paper and paperboard not elsewhere classified","17290","C","17","172"
"18110","Printing of newspapers","18110","C","18","181"
"18121","Manufacture of printed labels","18121","C","18","181"
"18129","Printing not elsewhere classified","18129","C","18","181"
"18130","Pre-press and pre-media services","18130","C","18","181"
"18140","Binding and related services","18140","C","18","181"
"18201","Reproduction of sound recording","18201","C","18","182"
"18202","Reproduction of video recording","18202","C","18","182"
"18203","Reproduction of computer media","18203","C","18","182"
"19100","Manufacture of coke oven products","19100","C","19","191"
"19201","Mineral oil refining","19201","C","19","192"
"19209","Other treatment of petroleum products (excluding petrochemicals manufacture)","19209","C","19","192"
"20110","Manufacture of industrial gases","20110","C","20","201"
"20120","Manufacture of dyes and pigments","20120","C","20","201"
"20130","Manufacture of other inorganic basic chemicals","20130","C","20","201"
"20140","Manufacture of other organic basic chemicals","20140","C","20","201"
"20150","Manufacture of fertilisers and nitrogen compounds","20150","C","20","201"
"20160","Manufacture of plastics in primary forms","20160","C","20","201"
"20170","Manufacture of synthetic rubber in primary forms","20170","C","20","201"
"20200","Manufacture of pesticides and other agrochemical products","20200","C","20","202"
"20301","Manufacture of paints, varnishes and similar coatings, mastics and sealants","20301","C","20","203"
"20302","Manufacture of printing ink","20302","C","20","203"
"20411","Manufacture of soap and detergents","20411","C","20","204"
"20412","Manufacture of cleaning and polishing preparations","20412","C","20","204"
"20420","Manufacture of perfumes and toilet preparations","20420","C","20","204"
"20510","Manufacture of explosives","20510","C","20","205"
"20520","Manufacture of glues","20520","C","20","205"
"20530","Manufacture of essential oils","20530","C","20","205"
"20590","Manufacture of other chemical products not elsewhere classified","20590","C","20","205"
"20600","Manufacture of man-made fibres","20600","C","20","206"
"21100","Manufacture of basic pharmaceutical products","21100","C","21","211"
"21200","Manufacture of pharmaceutical preparations","21200","C","21","212"
"22110","Manufacture of rubber tyres and tubes; retreading and rebuilding of rubber tyres","22110","C","22","221"
"22190","Manufacture of other rubber products","22190","C","22","221"
"22210","Manufacture of plastic plates, sheets, tubes and profiles","22210","C","22","222"
"22220","Manufacture of plastic packing goods","22220","C","22","222"
"22230","Manufacture of builders  ware of plastic","22230","C","22","222"
"22290","Manufacture of other plastic products","22290","C","22","222"
"23110","Manufacture of flat glass","23110","C","23","231"
"23120","Shaping and processing of flat glass","23120","C","23","231"
"23130","Manufacture of hollow glass","23130","C","23","231"
"23140","Manufacture of glass fibres","23140","C","23","231"
"23190","Manufacture and processing of other glass, including technical glassware","23190","C","23","231"
"23200","Manufacture of refractory products","23200","C","23","232"
"23310","Manufacture of ceramic tiles and flags","23310","C","23","233"
"23320","Manufacture of bricks, tiles and construction products, in baked clay","23320","C","23","233"
"23410","Manufacture of ceramic household and ornamental articles","23410","C","23","234"
"23420","Manufacture of ceramic sanitary fixtures","23420","C","23","234"
"23430","Manufacture of ceramic insulators and insulating fittings","23430","C","23","234"
"23440","Manufacture of other technical ceramic products","23440","C","23","234"
"23490","Manufacture of other ceramic products not elsewhere classified","23490","C","23","234"
"23510","Manufacture of cement","23510","C","23","235"
"23520","Manufacture of lime and plaster","23520","C","23","235"
"23610","Manufacture of concrete products for construction purposes","23610","C","23","236"
"23620","Manufacture of plaster products for construction purposes","23620","C","23","236"
"23630","Manufacture of ready-mixed concrete","23630","C","23","236"
"23640","Manufacture of mortars","23640","C","23","236"
"23650","Manufacture of fibre cement","23650","C","23","236"
"23690","Manufacture of other articles of concrete, plaster and cement","23690","C","23","236"
"23700","Cutting, shaping and finishing of stone","23700","C","23","237"
"23910","Production of abrasive products","23910","C","23","239"
"23990","Manufacture of other non-metallic mineral products not elsewhere classified","23990","C","23","239"
"24100","Manufacture of basic iron and steel and of ferro-alloys","24100","C","24","241"
"24200","Manufacture of tubes, pipes, hollow profiles and related fittings, of steel","24200","C","24","242"
"24310","Cold drawing of bars","24310","C","24","243"
"24320","Cold rolling of narrow strip","24320","C","24","243"
"24330","Cold forming or folding","24330","C","24","243"
"24340","Cold drawing of wire","24340","C","24","243"
"24410","Precious metals production","24410","C","24","244"
"24420","Aluminium production","24420","C","24","244"
"24430","Lead, zinc and tin production","24430","C","24","244"
"24440","Copper production","24440","C","24","244"
"24450","Other non-ferrous metal production","24450","C","24","244"
"24460","Processing of nuclear fuel","24460","C","24","244"
"24510","Casting of iron","24510","C","24","245"
"24520","Casting of steel","24520","C","24","245"
"24530","Casting of light metals","24530","C","24","245"
"24540","Casting of other non-ferrous metals","24540","C","24","245"
"25110","Manufacture of metal structures and parts of structures","25110","C","25","251"
"25120","Manufacture of doors and windows of metal","25120","C","25","251"
"25210","Manufacture of central heating radiators and boilers","25210","C","25","252"
"25290","Manufacture of other tanks, reservoirs and containers of metal","25290","C","25","252"
"25300","Manufacture of steam generators, except central heating hot water boilers","25300","C","25","253"
"25400","Manufacture of weapons and ammunition","25400","C","25","254"
"25500","Forging, pressing, stamping and roll-forming of metal; powder metallurgy","25500","C","25","255"
"25610","Treatment and coating of metals","25610","C","25","256"
"25620","Machining","25620","C","25","256"
"25710","Manufacture of cutlery","25710","C","25","257"
"25720","Manufacture of locks and hinges","25720","C","25","257"
"25730","Manufacture of tools","25730","C","25","257"
"25910","Manufacture of steel drums and similar containers","25910","C","25","259"
"25920","Manufacture of light metal packaging","25920","C","25","259"
"25930","Manufacture of wire products, chain and springs","25930","C","25","259"
"25940","Manufacture of fasteners and screw machine products","25940","C","25","259"
"25990","Manufacture of other fabricated metal products not elsewhere classified","25990","C","25","259"
"26110","Manufacture of electronic components","26110","C","26","261"
"26120","Manufacture of loaded electronic boards","26120","C","26","261"
"26200","Manufacture of computers and peripheral equipment","26200","C","26","262"
"26301","Manufacture of telegraph and telephone apparatus and equipment","26301","C","26","263"
"26309","Manufacture of communication equipment other than telegraph, and telephone apparatus and equipment","26309","C","26","263"
"26400","Manufacture of consumer electronics","26400","C","26","264"
"26511","Manufacture of electronic measuring, testing etc. equipment, not for industrial process control","26511","C","26","265"
"26512","Manufacture of electronic industrial process control equipment","26512","C","26","265"
"26513","Manufacture of non-electronic measuring, testing etc. equipment, not for industrial process control","26513","C","26","265"
"26514","Manufacture of non-electronic industrial process control equipment","26514","C","26","265"
"26520","Manufacture of watches and clocks","26520","C","26","265"
"26600","Manufacture of irradiation, electromedical and electrotherapeutic equipment","26600","C","26","266"
"26701","Manufacture of optical precision instruments","26701","C","26","267"
"26702","Manufacture of photographic and cinematographic equipment","26702","C","26","267"
"26800","Manufacture of magnetic and optical media","26800","C","26","268"
"27110","Manufacture of electric motors, generators and transformers","27110","C","27","271"
"27120","Manufacture of electricity distribution and control apparatus","27120","C","27","271"
"27200","Manufacture of batteries and accumulators","27200","C","27","272"
"27310","Manufacture of fibre optic cables","27310","C","27","273"
"27320","Manufacture of other electronic and electric wires and cables","27320","C","27","273"
"27330","Manufacture of wiring devices","27330","C","27","273"
"27400","Manufacture of electric lighting equipment","27400","C","27","274"
"27510","Manufacture of electric domestic appliances","27510","C","27","275"
"27520","Manufacture of non-electric domestic appliances","27520","C","27","275"
"27900","Manufacture of other electrical equipment","27900","C","27","279"
"28110","Manufacture of engines and turbines, except aircraft, vehicle and cycle engines","28110","C","28","281"
"28120","Manufacture of fluid power equipment","28120","C","28","281"
"28131","Manufacture of pumps","28131","C","28","281"
"28132","Manufacture of compressors","28132","C","28","281"
"28140","Manufacture of taps and valves","28140","C","28","281"
"28150","Manufacture of bearings, gears, gearing and driving elements","28150","C","28","281"
"28210","Manufacture of ovens, furnaces and furnace burners","28210","C","28","282"
"28220","Manufacture of lifting and handling equipment","28220","C","28","282"
"28230","Manufacture of office machinery and equipment (except computers and peripheral equipment)","28230","C","28","282"
"28240","Manufacture of power-driven hand tools","28240","C","28","282"
"28250","Manufacture of non-domestic cooling and ventilation equipment","28250","C","28","282"
"28290","Manufacture of other general-purpose machinery not elsewhere classified","28290","C","28","282"
"28301","Manufacture of agricultural tractors","28301","C","28","283"
"28302","Manufacture of agricultural and forestry machinery other than tractors","28302","C","28","283"
"28410","Manufacture of metal forming machinery","28410","C","28","284"
"28490","Manufacture of other machine tools","28490","C","28","284"
"28910","Manufacture of machinery for metallurgy","28910","C","28","289"
"28921","Manufacture of machinery for mining","28921","C","28","289"
"28922","Manufacture of earthmoving equipment","28922","C","28","289"
"28923","Manufacture of equipment for concrete crushing and screening and roadworks","28923","C","28","289"
"28930","Manufacture of machinery for food, beverage and tobacco processing","28930","C","28","289"
"28940","Manufacture of machinery for textile, apparel and leather production","28940","C","28","289"
"28950","Manufacture of machinery for paper and paperboard production","28950","C","28","289"
"28960","Manufacture of plastics and rubber machinery","28960","C","28","289"
"28990","Manufacture of other special-purpose machinery not elsewhere classified","28990","C","28","289"
"29100","Manufacture of motor vehicles","29100","C","29","291"
"29201","Manufacture of bodies (coachwork) for motor vehicles (except caravans)","29201","C","29","292"
"29202","Manufacture of trailers and semi-trailers","29202","C","29","292"
"29203","Manufacture of caravans","29203","C","29","292"
"29310","Manufacture of electrical and electronic equipment for motor vehicles and their engines","29310","C","29","293"
"29320","Manufacture of other parts and accessories for motor vehicles","29320","C","29","293"
"30110","Building of ships and floating structures","30110","C","30","301"
"30120","Building of pleasure and sporting boats","30120","C","30","301"
"30200","Manufacture of railway locomotives and rolling stock","30200","C","30","302"
"30300","Manufacture of air and spacecraft and related machinery","30300","C","30","303"
"30400","Manufacture of military fighting vehicles","30400","C","30","304"
"30910","Manufacture of motorcycles","30910","C","30","309"
"30920","Manufacture of bicycles and invalid carriages","30920","C","30","309"
"30990","Manufacture of other transport equipment not elsewhere classified","30990","C","30","309"
"31010","Manufacture of office and shop furniture","31010","C","31","310"
"31020","Manufacture of kitchen furniture","31020","C","31","310"
"31030","Manufacture of mattresses","31030","C","31","310"
"31090","Manufacture of other furniture","31090","C","31","310"
"32110","Striking of coins","32110","C","32","321"
"32120","Manufacture of jewellery and related articles","32120","C","32","321"
"32130","Manufacture of imitation jewellery and related articles","32130","C","32","321"
"32200","Manufacture of musical instruments","32200","C","32","322"
"32300","Manufacture of sports goods","32300","C","32","323"
"32401","Manufacture of professional and arcade games and toys","32401","C","32","324"
"32409","Manufacture of other games and toys, not elsewhere classified","32409","C","32","324"
"32500","Manufacture of medical and dental instruments and supplies","32500","C","32","325"
"32910","Manufacture of brooms and brushes","32910","C","32","329"
"32990","Other manufacturing not elsewhere classified","32990","C","32","329"
"33110","Repair of fabricated metal products","33110","C","33","331"
"33120","Repair of machinery","33120","C","33","331"
"33130","Repair of electronic and optical equipment","33130","C","33","331"
"33140","Repair of electrical equipment","33140","C","33","331"
"33150","Repair and maintenance of ships and boats","33150","C","33","331"
"33160","Repair and maintenance of aircraft and spacecraft","33160","C","33","331"
"33170","Repair and maintenance of other transport equipment not elsewhere classified","33170","C","33","331"
"33190","Repair of other equipment","33190","C","33","331"
"33200","Installation of industrial machinery and equipment","33200","C","33","332"
"35110","Production of electricity","35110","D","35","351"
"35120","Transmission of electricity","35120","D","35","351"
"35130","Distribution of electricity","35130","D","35","351"
"35140","Trade of electricity","35140","D","35","351"
"35210","Manufacture of gas","35210","D","35","352"
"35220","Distribution of gaseous fuels through mains","35220","D","35","352"
"35230","Trade of gas through mains","35230","D","35","352"
"35300","Steam and air conditioning supply","35300","D","35","353"
"36000","Water collection, treatment and supply","36000","E","36","360"
"37000","Sewerage","37000","E","37","370"
"38110","Collection of non-hazardous waste","38110","E","38","381"
"38120","Collection of hazardous waste","38120","E","38","381"
"38210","Treatment and disposal of non-hazardous waste","38210","E","38","382"
"38220","Treatment and disposal of hazardous waste","38220","E","38","382"
"38310","Dismantling of wrecks","38310","E","38","383"
"38320","Recovery of sorted materials","38320","E","38","383"
"39000","Remediation activities and other waste management services","39000","E","39","390"
"41100","Development of building projects","41100","F","41","411"
"41201","Construction of commercial buildings","41201","F","41","412"
"41202","Construction of domestic buildings","41202","F","41","412"
"42110","Construction of roads and motorways","42110","F","42","421"
"42120","Construction of railways and underground railways","42120","F","42","421"
"42130","Construction of bridges and tunnels","42130","F","42","421"
"42210","Construction of utility projects for fluids","42210","F","42","422"
"42220","Construction of utility projects for electricity and telecommunications","42220","F","42","422"
"42910","Construction of water projects","42910","F","42","429"
"42990","Construction of other civil engineering projects not elsewhere classified","42990","F","42","429"
"43110","Demolition","43110","F","43","431"
"43120","Site preparation","43120","F","43","431"
"43130","Test drilling and boring","43130","F","43","431"
"43210","Electrical installation","43210","F","43","432"
"43220","Plumbing, heat and air-conditioning installation","43220","F","43","432"
"43290","Other construction installation","43290","F","43","432"
"43310","Plastering","43310","F","43","433"
"43320","Joinery installation","43320","F","43","433"
"43330","Floor and wall covering","43330","F","43","433"
"43341","Painting","43341","F","43","433"
"43342","Glazing","43342","F","43","433"
"43390","Other building completion and finishing","43390","F","43","433"
"43910","Roofing activities","43910","F","43","439"
"43991","Scaffold erection","43991","F","43","439"
"43999","Other specialised construction activities not elsewhere classified","43999","F","43","439"
"45111","Sale of new cars and light motor vehicles","45111","G","45","451"
"45112","Sale of used cars and light motor vehicles","45112","G","45","451"
"45190","Sale of other motor vehicles","45190","G","45","451"
"45200","Maintenance and repair of motor vehicles","45200","G","45","452"
"45310","Wholesale trade of motor vehicle parts and accessories","45310","G","45","453"
"45320","Retail trade of motor vehicle parts and accessories","45320","G","45","453"
"45400","Sale, maintenance and repair of motorcycles and related parts and accessories","45400","G","45","454"
"46110","Agents selling agricultural raw materials, livestock, textile raw materials and semi-finished goods","46110","G","46","461"
"46120","Agents involved in the sale of fuels, ores, metals and industrial chemicals","46120","G","46","461"
"46130","Agents involved in the sale of timber and building materials","46130","G","46","461"
"46140","Agents involved in the sale of machinery, industrial equipment, ships and aircraft","46140","G","46","461"
"46150","Agents involved in the sale of furniture, household goods, hardware and ironmongery","46150","G","46","461"
"46160","Agents involved in the sale of textiles, clothing, fur, footwear and leather goods","46160","G","46","461"
"46170","Agents involved in the sale of food, beverages and tobacco","46170","G","46","461"
"46180","Agents specialised in the sale of other particular products","46180","G","46","461"
"46190","Agents involved in the sale of a variety of goods","46190","G","46","461"
"46210","Wholesale of grain, unmanufactured tobacco, seeds and animal feeds","46210","G","46","462"
"46220","Wholesale of flowers and plants","46220","G","46","462"
"46230","Wholesale of live animals","46230","G","46","462"
"46240","Wholesale of hides, skins and leather","46240","G","46","462"
"46310","Wholesale of fruit and vegetables","46310","G","46","463"
"46320","Wholesale of meat and meat products","46320","G","46","463"
"46330","Wholesale of dairy products, eggs and edible oils and fats","46330","G","46","463"
"46341","Wholesale of fruit and vegetable juices, mineral water and soft drinks","46341","G","46","463"
"46342","Wholesale of wine, beer, spirits and other alcoholic beverages","46342","G","46","463"
"46350","Wholesale of tobacco products","46350","G","46","463"
"46360","Wholesale of sugar and chocolate and sugar confectionery","46360","G","46","463"
"46370","Wholesale of coffee, tea, cocoa and spices","46370","G","46","463"
"46380","Wholesale of other food, including fish, crustaceans and molluscs","46380","G","46","463"
"46390","Non-specialised wholesale of food, beverages and tobacco","46390","G","46","463"
"46410","Wholesale of textiles","46410","G","46","464"
"46420","Wholesale of clothing and footwear","46420","G","46","464"
"46431","Wholesale of audio tapes, records, CDs and video tapes and the equipment on which these are played","46431","G","46","464"
"46439","Wholesale of radio, television goods & electrical household appliances (other than records, tapes, CD's & video tapes and the equipment used for playing them)","46439","G","46","464"
"46440","Wholesale of china and glassware and cleaning materials","46440","G","46","464"
"46450","Wholesale of perfume and cosmetics","46450","G","46","464"
"46460","Wholesale of pharmaceutical goods","46460","G","46","464"
"46470","Wholesale of furniture, carpets and lighting equipment","46470","G","46","464"
"46480","Wholesale of watches and jewellery","46480","G","46","464"
"46491","Wholesale of musical instruments","46491","G","46","464"
"46499","Wholesale of household goods (other than musical instruments) not elsewhere classified","46499","G","46","464"
"46510","Wholesale of computers, computer peripheral equipment and software","46510","G","46","465"
"46520","Wholesale of electronic and telecommunications equipment and parts","46520","G","46","465"
"46610","Wholesale of agricultural machinery, equipment and supplies","46610","G","46","466"
"46620","Wholesale of machine tools","46620","G","46","466"
"46630","Wholesale of mining, construction and civil engineering machinery","46630","G","46","466"
"46640","Wholesale of machinery for the textile industry and of sewing and knitting machines","46640","G","46","466"
"46650","Wholesale of office furniture","46650","G","46","466"
"46660","Wholesale of other office machinery and equipment","46660","G","46","466"
"46690","Wholesale of other machinery and equipment","46690","G","46","466"
"46711","Wholesale of petroleum and petroleum products","46711","G","46","467"
"46719","Wholesale of other fuels and related products","46719","G","46","467"
"46720","Wholesale of metals and metal ores","46720","G","46","467"
"46730","Wholesale of wood, construction materials and sanitary equipment","46730","G","46","467"
"46740","Wholesale of hardware, plumbing and heating equipment and supplies","46740","G","46","467"
"46750","Wholesale of chemical products","46750","G","46","467"
"46760","Wholesale of other intermediate products","46760","G","46","467"
"46770","Wholesale of waste and scrap","46770","G","46","467"
"46900","Non-specialised wholesale trade","46900","G","46","469"
"47110","Retail sale in non-specialised stores with food, beverages or tobacco predominating","47110","G","47","471"
"47190","Other retail sale in non-specialised stores","47190","G","47","471"
"47210","Retail sale of fruit and vegetables in specialised stores","47210","G","47","472"
"47220","Retail sale of meat and meat products in specialised stores","47220","G","47","472"
"47230","Retail sale of fish, crustaceans and molluscs in specialised stores","47230","G","47","472"
"47240","Retail sale of bread, cakes, flour confectionery and sugar confectionery in specialised stores","47240","G","47","472"
"47250","Retail sale of beverages in specialised stores","47250","G","47","472"
"47260","Retail sale of tobacco products in specialised stores","47260","G","47","472"
"47290","Other retail sale of food in specialised stores","47290","G","47","472"
"47300","Retail sale of automotive fuel in specialised stores","47300","G","47","473"
"47410","Retail sale of computers, peripheral units and software in specialised stores","47410","G","47","474"
"47421","Retail sale of mobile telephones","47421","G","47","474"
"47429","Retail sale of telecommunications equipment other than mobile telephones","47429","G","47","474"
"47430","Retail sale of audio and video equipment in specialised stores","47430","G","47","474"
"47510","Retail sale of textiles in specialised stores","47510","G","47","475"
"47520","Retail sale of hardware, paints and glass in specialised stores","47520","G","47","475"
"47530","Retail sale of carpets, rugs, wall and floor coverings in specialised stores","47530","G","47","475"
"47540","Retail sale of electrical household appliances in specialised stores","47540","G","47","475"
"47591","Retail sale of musical instruments and scores","47591","G","47","475"
"47599","Retail of furniture, lighting, and similar (not musical instruments or scores) in specialised store","47599","G","47","475"
"47610","Retail sale of books in specialised stores","47610","G","47","476"
"47620","Retail sale of newspapers and stationery in specialised stores","47620","G","47","476"
"47630","Retail sale of music and video recordings in specialised stores","47630","G","47","476"
"47640","Retail sale of sports goods, fishing gear, camping goods, boats and bicycles","47640","G","47","476"
"47650","Retail sale of games and toys in specialised stores","47650","G","47","476"
"47710","Retail sale of clothing in specialised stores","47710","G","47","477"
"47721","Retail sale of footwear in specialised stores","47721","G","47","477"
"47722","Retail sale of leather goods in specialised stores","47722","G","47","477"
"47730","Dispensing chemist in specialised stores","47730","G","47","477"
"47741","Retail sale of hearing aids","47741","G","47","477"
"47749","Retail sale of medical and orthopaedic goods in specialised stores (not incl. hearing aids) not elsewhere classified","47749","G","47","477"
"47750","Retail sale of cosmetic and toilet articles in specialised stores","47750","G","47","477"
"47760","Retail sale of flowers, plants, seeds, fertilisers, pet animals and pet food in specialised stores","47760","G","47","477"
"47770","Retail sale of watches and jewellery in specialised stores","47770","G","47","477"
"47781","Retail sale in commercial art galleries","47781","G","47","477"
"47782","Retail sale by opticians","47782","G","47","477"
"47789","Other retail sale of new goods in specialised stores (not commercial art galleries and opticians)","47789","G","47","477"
"47791","Retail sale of antiques including antique books in stores","47791","G","47","477"
"47799","Retail sale of other second-hand goods in stores (not incl. antiques)","47799","G","47","477"
"47810","Retail sale via stalls and markets of food, beverages and tobacco products","47810","G","47","478"
"47820","Retail sale via stalls and markets of textiles, clothing and footwear","47820","G","47","478"
"47890","Retail sale via stalls and markets of other goods","47890","G","47","478"
"47910","Retail sale via mail order houses or via Internet","47910","G","47","479"
"47990","Other retail sale not in stores, stalls or markets","47990","G","47","479"
"49100","Passenger rail transport, interurban","49100","H","49","491"
"49200","Freight rail transport","49200","H","49","492"
"49311","Urban and suburban passenger railway transportation by underground, metro and similar systems","49311","H","49","493"
"49319","Other urban, suburban or metropolitan passenger land transport (not underground, metro or similar)","49319","H","49","493"
"49320","Taxi operation","49320","H","49","493"
"49390","Other passenger land transport","49390","H","49","493"
"49410","Freight transport by road","49410","H","49","494"
"49420","Removal services","49420","H","49","494"
"49500","Transport via pipeline","49500","H","49","495"
"50100","Sea and coastal passenger water transport","50100","H","50","501"
"50200","Sea and coastal freight water transport","50200","H","50","502"
"50300","Inland passenger water transport","50300","H","50","503"
"50400","Inland freight water transport","50400","H","50","504"
"51101","Scheduled passenger air transport","51101","H","51","511"
"51102","Non-scheduled passenger air transport","51102","H","51","511"
"51210","Freight air transport","51210","H","51","512"
"51220","Space transport","51220","H","51","512"
"52101","Operation of warehousing and storage facilities for water transport activities","52101","H","52","521"
"52102","Operation of warehousing and storage facilities for air transport activities","52102","H","52","521"
"52103","Operation of warehousing and storage facilities for land transport activities","52103","H","52","521"
"52211","Operation of rail freight terminals","52211","H","52","522"
"52212","Operation of rail passenger facilities at railway stations","52212","H","52","522"
"52213","Operation of bus and coach passenger facilities at bus and coach stations","52213","H","52","522"
"52219","Other service activities incidental to land transportation, not elsewhere classified","52219","H","52","522"
"52220","Service activities incidental to water transportation","52220","H","52","522"
"52230","Service activities incidental to air transportation","52230","H","52","522"
"52241","Cargo handling for water transport activities","52241","H","52","522"
"52242","Cargo handling for air transport activities","52242","H","52","522"
"52243","Cargo handling for land transport activities","52243","H","52","522"
"52290","Other transportation support activities","52290","H","52","522"
"53100","Postal activities under universal service obligation","53100","H","53","531"
"53201","Licensed carriers","53201","H","53","532"
"53202","Unlicensed carrier","53202","H","53","532"
"55100","Hotels and similar accommodation","55100","I","55","551"
"55201","Holiday centres and villages","55201","I","55","552"
"55202","Youth hostels","55202","I","55","552"
"55209","Other holiday and other collective accommodation","55209","I","55","552"
"55300","Recreational vehicle parks, trailer parks and camping grounds","55300","I","55","553"
"55900","Other accommodation","55900","I","55","559"
"56101","Licensed restaurants","56101","I","56","561"
"56102","Unlicensed restaurants and cafes","56102","I","56","561"
"56103","Take-away food shops and mobile food stands","56103","I","56","561"
"56210","Event catering activities","56210","I","56","562"
"56290","Other food services","56290","I","56","562"
"56301","Licensed clubs","56301","I","56","563"
"56302","Public houses and bars","56302","I","56","563"
"58110","Book publishing","58110","J","58","581"
"58120","Publishing of directories and mailing lists","58120","J","58","581"
"58130","Publishing of newspapers","58130","J","58","581"
"58141","Publishing of learned journals","58141","J","58","581"
"58142","Publishing of  consumer and business journals and periodicals","58142","J","58","581"
"58190","Other publishing activities","58190","J","58","581"
"58210","Publishing of computer games","58210","J","58","582"
"58290","Other software publishing","58290","J","58","582"
"59111","Motion picture production activities","59111","J","59","591"
"59112","Video production activities","59112","J","59","591"
"59113","Television programme production activities","59113","J","59","591"
"59120","Motion picture, video and television programme post-production activities","59120","J","59","591"
"59131","Motion picture distribution activities","59131","J","59","591"
"59132","Video distribution activities","59132","J","59","591"
"59133","Television programme distribution activities","59133","J","59","591"
"59140","Motion picture projection activities","59140","J","59","591"
"59200","Sound recording and music publishing activities","59200","J","59","592"
"60100","Radio broadcasting","60100","J","60","601"
"60200","Television programming and broadcasting activities","60200","J","60","602"
"61100","Wired telecommunications activities","61100","J","61","611"
"61200","Wireless telecommunications activities","61200","J","61","612"
"61300","Satellite telecommunications activities","61300","J","61","613"
"61900","Other telecommunications activities","61900","J","61","619"
"62011","Ready-made interactive leisure and entertainment software development","62011","J","62","620"
"62012","Business and domestic software development","62012","J","62","620"
"62020","Information technology consultancy activities","62020","J","62","620"
"62030","Computer facilities management activities","62030","J","62","620"
"62090","Other information technology service activities","62090","J","62","620"
"63110","Data processing, hosting and related activities","63110","J","63","631"
"63120","Web portals","63120","J","63","631"
"63910","News agency activities","63910","J","63","639"
"63990","Other information service activities not elsewhere classified","63990","J","63","639"
"64110","Central banking","64110","K","64","641"
"64191","Banks","64191","K","64","641"
"64192","Building societies","64192","K","64","641"
"64201","Activities of agricultural holding companies","64201","K","64","642"
"64202","Activities of production holding companies","64202","K","64","642"
"64203","Activities of construction holding companies","64203","K","64","642"
"64204","Activities of distribution holding companies","64204","K","64","642"
"64205","Activities of financial services holding companies","64205","K","64","642"
"64209","Activities of other holding companies not elsewhere classified","64209","K","64","642"
"64301","Activities of investment trusts","64301","K","64","643"
"64302","Activities of unit trusts","64302","K","64","643"
"64303","Activities of venture and development capital companies","64303","K","64","643"
"64304","Activities of open-ended investment companies","64304","K","64","643"
"64305","Activities of property unit trusts","64305","K","64","643"
"64306","Activities of real estate investment trusts","64306","K","64","643"
"64910","Financial leasing","64910","K","64","649"
"64921","Credit granting by non-deposit taking finance houses and other specialist consumer credit grantors","64921","K","64","649"
"64922","Activities of mortgage finance companies","64922","K","64","649"
"64929","Other credit granting not elsewhere classified","64929","K","64","649"
"64991","Security dealing on own account","64991","K","64","649"
"64992","Factoring","64992","K","64","649"
"64999","Financial intermediation not elsewhere classified","64999","K","64","649"
"65110","Life insurance","65110","K","65","651"
"65120","Non-life insurance","65120","K","65","651"
"65201","Life reinsurance","65201","K","65","652"
"65202","Non-life reinsurance","65202","K","65","652"
"65300","Pension funding","65300","K","65","653"
"66110","Administration of financial markets","66110","K","66","661"
"66120","Security and commodity contracts dealing activities","66120","K","66","661"
"66190","Activities auxiliary to financial intermediation not elsewhere classified","66190","K","66","661"
"66210","Risk and damage evaluation","66210","K","66","662"
"66220","Activities of insurance agents and brokers","66220","K","66","662"
"66290","Other activities auxiliary to insurance and pension funding","66290","K","66","662"
"66300","Fund management activities","66300","K","66","663"
"68100","Buying and selling of own real estate","68100","L","68","681"
"68201","Renting and operating of Housing Association real estate","68201","L","68","682"
"68202","Letting and operating of conference and exhibition centres","68202","L","68","682"
"68209","Other letting and operating of own or leased real estate","68209","L","68","682"
"68310","Real estate agencies","68310","L","68","683"
"68320","Management of real estate on a fee or contract basis","68320","L","68","683"
"69101","Barristers at law","69101","M","69","691"
"69102","Solicitors","69102","M","69","691"
"69109","Activities of patent and copyright agents; other legal activities not elsewhere classified","69109","M","69","691"
"69201","Accounting and auditing activities","69201","M","69","692"
"69202","Bookkeeping activities","69202","M","69","692"
"69203","Tax consultancy","69203","M","69","692"
"70100","Activities of head offices","70100","M","70","701"
"70210","Public relations and communications activities","70210","M","70","702"
"70221","Financial management","70221","M","70","702"
"70229","Management consultancy activities other than financial management","70229","M","70","702"
"71111","Architectural activities","71111","M","71","711"
"71112","Urban planning and landscape architectural activities","71112","M","71","711"
"71121","Engineering design activities for industrial process and production","71121","M","71","711"
"71122","Engineering related scientific and technical consulting activities","71122","M","71","711"
"71129","Other engineering activities","71129","M","71","711"
"71200","Technical testing and analysis","71200","M","71","712"
"72110","Research and experimental development on biotechnology","72110","M","72","721"
"72190","Other research and experimental development on natural sciences and engineering","72190","M","72","721"
"72200","Research and experimental development on social sciences and humanities","72200","M","72","722"
"73110","Advertising agencies","73110","M","73","731"
"73120","Media representation services","73120","M","73","731"
"73200","Market research and public opinion polling","73200","M","73","732"
"74100","Specialised design activities","74100","M","74","741"
"74201","Portrait photographic activities","74201","M","74","742"
"74202","Other specialist photography","74202","M","74","742"
"74203","Film processing","74203","M","74","742"
"74209","Photographic activities not elsewhere classified","74209","M","74","742"
"74300","Translation and interpretation activities","74300","M","74","743"
"74901","Environmental consulting activities","74901","M","74","749"
"74902","Quantity surveying activities","74902","M","74","749"
"74909","Other professional, scientific and technical activities not elsewhere classified","74909","M","74","749"
"74990","Non-trading company","74990","M","74","749"
"75000","Veterinary activities","75000","M","75","750"
"77110","Renting and leasing of cars and light motor vehicles","77110","N","77","771"
"77120","Renting and leasing of trucks and other heavy vehicles","77120","N","77","771"
"77210","Renting and leasing of recreational and sports goods","77210","N","77","772"
"77220","Renting of video tapes and disks","77220","N","77","772"
"77291","Renting and leasing of media entertainment equipment","77291","N","77","772"
"77299","Renting and leasing of other personal and household goods","77299","N","77","772"
"77310","Renting and leasing of agricultural machinery and equipment","77310","N","77","773"
"77320","Renting and leasing of construction and civil engineering machinery and equipment","77320","N","77","773"
"77330","Renting and leasing of office machinery and equipment (including computers)","77330","N","77","773"
"77341","Renting and leasing of passenger water transport equipment","77341","N","77","773"
"77342","Renting and leasing of freight water transport equipment","77342","N","77","773"
"77351","Renting and leasing of air passenger transport equipment","77351","N","77","773"
"77352","Renting and leasing of freight air transport equipment","77352","N","77","773"
"77390","Renting and leasing of other machinery, equipment and tangible goods not elsewhere classified","77390","N","77","773"
"77400","Leasing of intellectual property and similar products, except copyright works","77400","N","77","774"
"78101","Motion picture, television and other theatrical casting activities","78101","N","78","781"
"78109","Other activities of employment placement agencies","78109","N","78","781"
"78200","Temporary employment agency activities","78200","N","78","782"
"78300","Human resources provision and management of human resources functions","78300","N","78","783"
"79110","Travel agency activities","79110","N","79","791"
"79120","Tour operator activities","79120","N","79","791"
"79901","Activities of tourist guides","79901","N","79","799"
"79909","Other reservation service activities not elsewhere classified","79909","N","79","799"
"80100","Private security activities","80100","N","80","801"
"80200","Security systems service activities","80200","N","80","802"
"80300","Investigation activities","80300","N","80","803"
"81100","Combined facilities support activities","81100","N","81","811"
"81210","General cleaning of buildings","81210","N","81","812"
"81221","Window cleaning services","81221","N","81","812"
"81222","Specialised cleaning services","81222","N","81","812"
"81223","Furnace and chimney cleaning services","81223","N","81","812"
"81229","Other building and industrial cleaning activities","81229","N","81","812"
"81291","Disinfecting and exterminating services","81291","N","81","812"
"81299","Other cleaning services","81299","N","81","812"
"81300","Landscape service activities","81300","N","81","813"
"82110","Combined office administrative service activities","82110","N","82","821"
"82190","Photocopying, document preparation and other specialised office support activities","82190","N","82","821"
"82200","Activities of call centres","82200","N","82","822"
"82301","Activities of exhibition and fair organisers","82301","N","82","823"
"82302","Activities of conference organisers","82302","N","82","823"
"82911","Activities of collection agencies","82911","N","82","829"
"82912","Activities of credit bureaus","82912","N","82","829"
"82920","Packaging activities","82920","N","82","829"
"82990","Other business support service activities not elsewhere classified","82990","N","82","829"
"84110","General public administration activities","84110","O","84","841"
"84120","Regulation of health care, education, cultural and other social services, not incl. social security","84120","O","84","841"
"84130","Regulation of and contribution to more efficient operation of businesses","84130","O","84","841"
"84210","Foreign affairs","84210","O","84","842"
"84220","Defence activities","84220","O","84","842"
"84230","Justice and judicial activities","84230","O","84","842"
"84240","Public order and safety activities","84240","O","84","842"
"84250","Fire service activities","84250","O","84","842"
"84300","Compulsory social security activities","84300","O","84","843"
"85100","Pre-primary education","85100","P","85","851"
"85200","Primary education","85200","P","85","852"
"85310","General secondary education","85310","P","85","853"
"85320","Technical and vocational secondary education","85320","P","85","853"
"85410","Post-secondary non-tertiary education","85410","P","85","854"
"85421","First-degree level higher education","85421","P","85","854"
"85422","Post-graduate level higher education","85422","P","85","854"
"85510","Sports and recreation education","85510","P","85","855"
"85520","Cultural education","85520","P","85","855"
"85530","Driving school activities","85530","P","85","855"
"85590","Other education not elsewhere classified","85590","P","85","855"
"85600","Educational support services","85600","P","85","856"
"86101","Hospital activities","86101","Q","86","861"
"86102","Medical nursing home activities","86102","Q","86","861"
"86210","General medical practice activities","86210","Q","86","862"
"86220","Specialists medical practice activities","86220","Q","86","862"
"86230","Dental practice activities","86230","Q","86","862"
"86900","Other human health activities","86900","Q","86","869"
"87100","Residential nursing care facilities","87100","Q","87","871"
"87200","Residential care activities for learning difficulties, mental health and substance abuse","87200","Q","87","872"
"87300","Residential care activities for the elderly and disabled","87300","Q","87","873"
"87900","Other residential care activities not elsewhere classified","87900","Q","87","879"
"88100","Social work activities without accommodation for the elderly and disabled","88100","Q","88","881"
"88910","Child day-care activities","88910","Q","88","889"
"88990","Other social work activities without accommodation not elsewhere classified","88990","Q","88","889"
"90010","Performing arts","90010","R","90","900"
"90020","Support activities to performing arts","90020","R","90","900"
"90030","Artistic creation","90030","R","90","900"
"90040","Operation of arts facilities","90040","R","90","900"
"91011","Library activities","91011","R","91","910"
"91012","Archives activities","91012","R","91","910"
"91020","Museums activities","91020","R","91","910"
"91030","Operation of historical sites and buildings and similar visitor attractions","91030","R","91","910"
"91040","Botanical and zoological gardens and nature reserves activities","91040","R","91","910"
"92000","Gambling and betting activities","92000","R","92","920"
"93110","Operation of sports facilities","93110","R","93","931"
"93120","Activities of sport clubs","93120","R","93","931"
"93130","Fitness facilities","93130","R","93","931"
"93191","Activities of racehorse owners","93191","R","93","931"
"93199","Other sports activities","93199","R","93","931"
"93210","Activities of amusement parks and theme parks","93210","R","93","932"
"93290","Other amusement and recreation activities not elsewhere classified","93290","R","93","932"
"94110","Activities of business and employers membership organisations","94110","S","94","941"
"94120","Activities of professional membership organisations","94120","S","94","941"
"94200","Activities of trade unions","94200","S","94","942"
"94910","Activities of religious organisations","94910","S","94","949"
"94920","Activities of political organisations","94920","S","94","949"
"94990","Activities of other membership organisations not elsewhere classified","94990","S","94","949"
"95110","Repair of computers and peripheral equipment","95110","S","95","951"
"95120","Repair of communication equipment","95120","S","95","951"
"95210","Repair of consumer electronics","95210","S","95","952"
"95220","Repair of household appliances and home and garden equipment","95220","S","95","952"
"95230","Repair of footwear and leather goods","95230","S","95","952"
"95240","Repair of furniture and home furnishings","95240","S","95","952"
"95250","Repair of watches, clocks and jewellery","95250","S","95","952"
"95290","Repair of personal and household goods not elsewhere classified","95290","S","95","952"
"96010","Washing and (dry-)cleaning of textile and fur products","96010","S","96","960"
"96020","Hairdressing and other beauty treatment","96020","S","96","960"
"96030","Funeral and related activities","96030","S","96","960"
"96040","Physical well-being activities","96040","S","96","960"
"96090","Other service activities not elsewhere classified","96090","S","96","960"
"97000","Activities of households as employers of domestic personnel","97000","T","97","970"
"98000","Residents property management","98000","T","98","980"
"98100","Undifferentiated goods-producing activities of private households for own use","98100","T","98","981"
"98200","Undifferentiated service-producing activities of private households for own use","98200","T","98","982"
"99000","Activities of extraterritorial organisations and bodies","99000","U","99","990"
"99999","Dormant Company","99999","U","99","999"
